system_id,word,ner
1,臺灣,NORP
1,工商時報,WORK_OF_ART
1,陳昱光,PERSON
1,元大投信日,ORG
1,證交所,ORG
1,元大臺灣價值高息證券投資信託基金,ORG
1,月日,DATE
1,元大投信,ORG
1,巴菲特,ORG
1,元大,ORG
1,臺灣,GPE
1,月日,DATE
1,元大投信,ORG
1,千億,CARDINAL
1,今年月日,DATE
1,臺灣,GPE
1,元大台灣,ORG
1,元大臺,PERSON
1,灣,LOC
1,元大投信,ORG
1,巴菲特,ORG
1,兩,CARDINAL
1,巴菲特,PERSON
1,元大投信,ORG
1,臺灣,GPE
1,臺灣,NORP
1,過去五年,DATE
1,元大投信,ORG
1,元大投信,ORG
1,台灣,NORP
2,元大,ORG
2,元大投信,ORG
2,巴菲特,ORG
2,元大,ORG
2,臺灣,GPE
2,月日,DATE
2,元大投信,ORG
2,千億,CARDINAL
2,今年月日,DATE
2,臺灣,GPE
2,金年,DATE
2,元大,ORG
2,臺灣,GPE
2,元大投信,ORG
2,巴菲特,ORG
2,兩,CARDINAL
2,巴菲特,PERSON
2,元大,ORG
2,臺灣,GPE
2,臺灣,NORP
2,五年,DATE
2,元大投信,ORG
2,元大投信,ORG
2,元大投信,ORG
2,月初,DATE
2,月底,DATE
3,元大,ORG
3,巴菲特,PERSON
3,去年,DATE
4,紅海,LOC
4,幾個月,DATE
4,長榮,ORG
4,今年,DATE
4,台積電,ORG
4,今年跟兩年前,DATE
4,今年,DATE
4,長榮,ORG
4,兩年前,DATE
4,萬,CARDINAL
4,三月到四月多,DATE
4,布局,ORG
4,長榮,ORG
4,長榮,PERSON
4,長榮,ORG
4,第季,ORDINAL
4,長榮,ORG
4,長榮,ORG
4,顏,PERSON
4,良心姐,PERSON
4,第二季,DATE
4,長榮,ORG
4,第二,ORDINAL
4,第三,ORDINAL
5,長榮,ORG
5,隔天,DATE
5,長榮,PERSON
5,長榮,ORG
5,長榮,ORG
5,去年,DATE
5,長榮,ORG
5,上百億元,MONEY
5,長榮,PERSON
5,今年,DATE
5,三月四月,DATE
5,長榮,ORG
5,今年,DATE
5,第季,ORDINAL
5,長榮,PERSON
5,張才萬,PERSON
5,今年,DATE
5,今年,DATE
5,第季,ORDINAL
5,去年,DATE
5,今年,DATE
5,今天,DATE
5,張在,PERSON
5,長榮,PERSON
5,長榮,PERSON
5,長榮,ORG
5,長榮,ORG
5,今天,DATE
5,長榮,ORG
5,今年,DATE
5,王文章,PERSON
5,三,CARDINAL
5,當年,DATE
6,復華,ORG
6,台灣,GPE
6,台積電,ORG
6,週週,DATE
6,聯發科,ORG
6,聯電,ORG
6,美晶,ORG
6,十,CARDINAL
6,兩,CARDINAL
6,今年,DATE
6,金管會,ORG
7,十,CARDINAL
7,十,CARDINAL
7,兩,CARDINAL
7,兩,CARDINAL
7,兩三百億,CARDINAL
8,台積電,ORG
8,三月初,DATE
8,紅海,LOC
8,今年,DATE
9,群益台灣,GPE
9,五日線,CARDINAL
9,長榮,ORG
9,三四月後,DATE
9,兩,CARDINAL
9,今年,DATE
10,長榮,ORG
10,大海洋聯盟,ORG
10,五年,DATE
10,經濟日報,WORK_OF_ART
10,黃淑惠,PERSON
10,長榮海運,ORG
10,海洋聯盟,ORG
10,今天,DATE
10,海洋聯盟,ORG
10,五年至年月,DATE
10,五年至年,DATE
10,海洋聯盟,ORG
10,四,CARDINAL
10,四,CARDINAL
10,法國,GPE
10,達飛,ORG
10,中國遠洋海運集團,ORG
10,長榮海運,ORG
10,今天,DATE
10,四,CARDINAL
10,五年至年月,DATE
10,五年至年,DATE
10,海洋聯盟,ORG
10,年月,DATE
10,三,CARDINAL
10,長榮,ORG
10,海洋聯盟,ORG
10,第二,ORDINAL
10,陽明海運,ORG
10,聯盟,ORG
10,第三,ORDINAL
10,三,CARDINAL
10,今年,DATE
10,聯盟,ORG
10,德國,GPE
10,赫伯羅德,ORG
10,年月日,DATE
10,海運聯盟,ORG
10,赫伯羅特,ORG
10,馬士基,ORG
10,年月,DATE
10,新輪海運聯盟,ORG
10,三,CARDINAL
10,地中海,LOC
10,馬士基赫伯羅德聯盟,ORG
10,月日,DATE
10,月日前,DATE
10,三月,DATE
10,長榮,ORG
11,兩年,DATE
11,兆豐金,ORG
11,年月,DATE
11,台灣,GPE
11,欣陸,ORG
11,兩,CARDINAL
11,下個月,DATE
11,兩,CARDINAL
11,兩年前,DATE
11,去年,DATE
11,台灣,GPE
12,半數,CARDINAL
13,金管會,ORG
13,平準金,ORG
13,旺得富,PERSON
13,李宗莉,PERSON
13,金管會,ORG
13,金管會,ORG
13,昨日,DATE
13,金管會,ORG
13,投信,ORG
13,金管會,ORG
13,平準金,ORG
13,萬,CARDINAL
13,個月,DATE
13,日前,DATE
13,華,GPE
13,台灣,GPE
13,台灣,GPE
13,凱基,ORG
13,永豐台灣,GPE
13,中信上櫃,ORG
13,國泰,ORG
13,元大,ORG
13,台灣,GPE
13,金管會,ORG
14,柴鼠,PERSON
14,百萬以上,CARDINAL
14,今天,DATE
14,今天,DATE
16,去年,DATE
16,今年,DATE
16,個禮拜,DATE
16,上禮拜,DATE
16,安聯基金,ORG
16,下禮拜,DATE
16,兩,CARDINAL
17,百億,CARDINAL
17,兩天,DATE
17,超過億元,MONEY
17,經濟日報,WORK_OF_ART
17,蔡靜紋,PERSON
17,台北,GPE
17,台灣,GPE
17,元大,ORG
17,臺灣,GPE
17,三,CARDINAL
17,中信,ORG
17,台灣,GPE
17,兩天,DATE
17,億元,MONEY
17,兩天,DATE
17,明天,DATE
17,明天,DATE
17,三,CARDINAL
17,今天,DATE
17,明天,DATE
17,最後天,DATE
17,日,GPE
17,金龍年開春,DATE
17,三,CARDINAL
17,中信,ORG
17,上周,DATE
17,兩,CARDINAL
17,首日,DATE
17,四天,DATE
17,億元,MONEY
17,億元,MONEY
17,台灣,GPE
17,月日,DATE
17,第天,DATE
17,億元,MONEY
17,今天,DATE
17,第二天,DATE
17,億元,MONEY
17,元大投信,ORG
17,今天,DATE
17,元大,ORG
17,月日至月日,DATE
17,月日,DATE
17,月日,DATE
17,台灣,GPE
17,中信,ORG
17,三四百億元,MONEY
17,中信,ORG
17,兩,CARDINAL
17,台灣,GPE
17,元大,ORG
17,第天,DATE
17,昨天晚上,TIME
17,億元,MONEY
17,億元,MONEY
18,台灣,GPE
18,三天,DATE
18,超過億元,MONEY
18,經濟日報,ORG
18,蔡靜紋,PERSON
18,台北,GPE
18,三,CARDINAL
18,農曆年後,DATE
18,中信,ORG
18,億元,MONEY
18,日統台,ORG
18,灣高,GPE
18,最後天,DATE
18,三天,DATE
18,億元,MONEY
18,億元,MONEY
18,台灣,GPE
18,億元億元,MONEY
18,復華,ORG
18,台灣,GPE
18,千億,CARDINAL
18,千億,CARDINAL
18,日前,DATE
18,台灣,GPE
18,台灣,GPE
18,日,GPE
18,元大,ORG
18,元大金控集團,ORG
18,億元,MONEY
18,台灣,GPE
18,元大,ORG
18,臺灣,NORP
18,日,GPE
18,日,GPE
18,億元,MONEY
18,這兩天,DATE
18,五百億,CARDINAL
18,兩百多,CARDINAL
18,超過百億,CARDINAL
18,張萬,PERSON
18,左手黨,ORG
19,台積電,ORG
19,元大,ORG
19,下個月,DATE
19,元大台灣,NORP
19,元大,ORG
19,長榮,ORG
19,神基聯電,ORG
19,長榮,PERSON
19,去年,DATE
19,今年,DATE
19,去年,DATE
19,元大,ORG
20,億元,MONEY
20,蔡靜紋,PERSON
20,甲辰水龍年,DATE
20,台灣,GPE
20,龍年開春,DATE
20,三,CARDINAL
20,億元,MONEY
20,台灣,GPE
20,億元,MONEY
20,兩,CARDINAL
20,元大,ORG
20,臺灣,GPE
20,本周,DATE
20,下周,DATE
20,元大,ORG
20,臺灣,GPE
20,億元,MONEY
20,元大,ORG
20,台灣,GPE
20,元大,ORG
20,臺灣,GPE
20,兩,CARDINAL
20,中信上游半導體,ORG
20,崇越,ORG
20,三,ORDINAL
20,千億元,MONEY
20,美股,NORP
20,烏,GPE
20,年後,DATE
20,中信,ORG
20,億元,MONEY
20,中國信託投信,ORG
20,台灣,GPE
20,億元,MONEY
20,兩,CARDINAL
20,億元億元,MONEY
20,復華台灣,ORG
20,台灣,GPE
20,四,CARDINAL
20,日,GPE
20,台灣,GPE
20,億元,MONEY
20,第八,ORDINAL
20,第六,ORDINAL
20,億元,MONEY
20,億元,MONEY
20,元大台灣元大,ORG
20,億元,MONEY
20,國泰,ORG
20,億元,MONEY
20,復華台灣科技,ORG
20,億元,MONEY
20,台灣,GPE
20,",億元",MONEY
20,億元,MONEY
20,富邦台億元,MONEY
20,元大台,PERSON
20,台灣,GPE
20,元大,ORG
20,元大,ORG
20,臺灣,NORP
20,日,GPE
20,日,GPE
20,日,GPE
20,元大金控集團,ORG
20,億元,MONEY
20,台灣,GPE
20,波接波,PERSON
21,二月底,DATE
21,十,CARDINAL
21,十,CARDINAL
21,七,CARDINAL
21,聯發,ORG
21,科緯創,ORG
21,聯詠日月光控股,ORG
21,這周,DATE
21,元大,ORG
21,十,CARDINAL
21,長榮聯電,ORG
21,聯發科鈊象,ORG
21,三月最後周,DATE
21,下周,DATE
22,近幾年,DATE
23,亞翔,ORG
23,臺灣,GPE
23,昨天,DATE
23,今天,DATE
23,今天,DATE
23,哥漢唐,PERSON
23,亞翔,ORG
23,十,CARDINAL
23,亞翔,ORG
23,今年,DATE
23,台灣人,NORP
23,亞翔,ORG
23,漢唐,DATE
24,這幾天,DATE
24,兩萬,CARDINAL
24,好幾年,DATE
24,這幾天,DATE
25,黃若維,PERSON
25,月日,DATE
25,元大,ORG
25,臺灣,NORP
25,第天,DATE
25,單千張元,MONEY
25,臺灣,NORP
25,台灣,GPE
25,元大投信,ORG
25,劉宗聖,PERSON
25,台灣,GPE
25,台股,GPE
25,台灣,GPE
25,亞洲,LOC
25,第三,ORDINAL
25,年底,DATE
25,億元,MONEY
25,年底,DATE
25,去年底,DATE
25,台灣,GPE
25,超過萬,CARDINAL
25,台股,NORP
25,萬,CARDINAL
25,元大投信,ORG
25,元大投顧,ORG
25,胡睿涵,PERSON
25,巴菲特,PERSON
25,第個,ORDINAL
25,元大投信,ORG
25,元大投信,ORG
25,臺灣,NORP
25,萬元,MONEY
25,萬千元,MONEY
25,萬千多元,MONEY
25,千,CARDINAL
25,萬千元,MONEY
25,萬月,CARDINAL
25,七萬,CARDINAL
26,兩,CARDINAL
26,台灣,GPE
27,台積電,ORG
27,台積電,ORG
27,三,CARDINAL
28,前幾個月,DATE
29,十,CARDINAL
29,十,CARDINAL
29,三,CARDINAL
29,兩,CARDINAL
29,千億,MONEY
29,本周,DATE
29,千億,CARDINAL
30,國泰證系統,ORG
30,萬,CARDINAL
30,陳瑩欣,PERSON
30,元大,ORG
30,今日,DATE
30,月月,DATE
30,國泰證券,ORG
30,上午點半,TIME
30,中午,TIME
30,逾萬,CARDINAL
30,台灣,NORP
30,李,PERSON
30,萬元,MONEY
30,今天早上,TIME
30,國泰證券,ORG
30,台灣,GPE
30,今日,DATE
30,首日,DATE
30,億元,MONEY
30,當日,DATE
30,元大投信,ORG
30,華南銀行,ORG
30,元大銀行,ORG
30,日,GPE
31,兩季,DATE
32,半天,DATE
32,朱漢崙,PERSON
32,元大,ORG
32,今日,DATE
32,元大台,PERSON
32,今日,DATE
32,元大內部,ORG
32,中午,TIME
32,億元,MONEY
32,台灣,GPE
32,億元,MONEY
32,本周,DATE
32,五,CARDINAL
32,上看千億,CARDINAL
32,台股,NORP
32,元大,ORG
32,今日,DATE
32,上周,DATE
32,幾小時內,TIME
32,國泰證券,ORG
32,萬,CARDINAL
32,至小時,TIME
32,元大證券,ORG
32,國泰證券,ORG
32,三,CARDINAL
32,今日,DATE
32,半天,DATE
32,接近億,CARDINAL
32,千億,CARDINAL
32,幾十,CARDINAL
33,上週,DATE
33,上週,DATE
33,兩萬,CARDINAL
33,今天,DATE
33,千億,CARDINAL
34,萬海公司,ORG
34,民國年,DATE
34,新台幣仟元,MONEY
34,本月,DATE
34,去年,DATE
34,本年,DATE
34,去年,DATE
34,第天,DATE
34,億元,MONEY
35,元大月,DATE
35,首日,DATE
35,半天,DATE
35,千億,CARDINAL
35,朱漢崙,PERSON
35,元大,ORG
35,今日,DATE
35,元大台,PERSON
35,今日,DATE
35,元大內部,ORG
35,中午,TIME
35,億元,MONEY
35,上周,DATE
35,台灣,GPE
35,億元,MONEY
35,本周,DATE
35,五,CARDINAL
35,上看千億,CARDINAL
35,台股,NORP
35,元大,ORG
35,今日,DATE
35,至小時,TIME
35,元大證券,ORG
35,國泰證券,ORG
35,三,CARDINAL
35,今日,DATE
35,半天,DATE
35,接近億,CARDINAL
35,千億,CARDINAL
35,兩,CARDINAL
36,今天,DATE
36,個禮拜,DATE
36,華南,LOC
36,永昌,LOC
37,長榮,ORG
37,彭媁琳,PERSON
37,兩萬,CARDINAL
37,紅海,LOC
37,長榮,ORG
37,台積電,ORG
37,台積電,ORG
37,億元,MONEY
37,長榮,PERSON
37,萬,CARDINAL
37,長榮,ORG
37,去年,DATE
37,去年,DATE
37,今年,DATE
37,長榮,ORG
37,兩,CARDINAL
37,灣高息動能元大,ORG
37,台灣,NORP
37,長榮,ORG
37,長榮,ORG
37,長榮,ORG
37,過去年,DATE
37,紅海,LOC
37,長榮,ORG
37,長榮,PERSON
37,長榮,ORG
38,劉維榛,PERSON
38,劉維榛,PERSON
38,元大台灣,NORP
38,國泰證券度,ORG
38,嘉義人,NORP
38,台新銀行,ORG
38,元大台灣價值高息基金,ORG
38,嘉義人,NORP
38,嘉義台新,ORG
38,今中午,TIME
38,億元,MONEY
39,陳瑩欣,PERSON
39,元大台灣,ORG
39,今日,DATE
39,首日,DATE
39,中午,TIME
39,億元,MONEY
39,台灣,GPE
39,日,GPE
39,千億,CARDINAL
39,元大投信,ORG
39,本周五日,DATE
39,上元,MONEY
39,千億元,MONEY
39,億元,MONEY
39,千億,CARDINAL
39,半年至年以上,DATE
39,元月,DATE
39,金,PERSON
39,元大投信,ORG
39,國票證券玉山證券第金證券中國信託證券合庫證券台銀證券大昌證券,ORG
39,元大銀行,ORG
39,千億元,MONEY
40,下周,DATE
40,日週下午,TIME
40,陳依旻,PERSON
40,巴菲特,PERSON
40,萬元,MONEY
40,台灣,NORP
40,下周月日,DATE
40,月日,DATE
40,今日,DATE
40,自月底,DATE
40,三,CARDINAL
40,元大投信,ORG
40,十,CARDINAL
40,長榮聯電,ORG
40,基漢唐,PERSON
40,群光瑞儀聯發科鈊象,ORG
40,第二,ORDINAL
40,第三,ORDINAL
40,巴菲特,ORG
40,巴菲特,PERSON
40,臺灣,NORP
40,過去五年,DATE
40,波克夏海瑟威,PERSON
40,巴菲特,PERSON
40,元大投信,ORG
40,元大投信,ORG
40,千億,CARDINAL
40,明天,DATE
40,千億,CARDINAL
41,元大投信,ORG
41,陳瑩欣,PERSON
41,台北,GPE
41,元大,ORG
41,台灣,GPE
41,首日,DATE
41,今日,DATE
41,台灣,GPE
41,億元,MONEY
41,億元,MONEY
41,億,CARDINAL
41,玉山金證,ORG
41,億元,MONEY
41,凱基證群益金鼎,ORG
41,至億元,MONEY
41,永豐金證兆,PERSON
41,超過億元,MONEY
41,億元,MONEY
41,中國信託證券台,ORG
41,第金證合庫證台銀證,ORG
41,元大銀行,ORG
41,至億元,MONEY
41,萬三,CARDINAL
41,萬四,CARDINAL
41,萬五,CARDINAL
41,第天月日,DATE
41,台灣,GPE
41,新臺幣億元,MONEY
41,元大證億凱基證億富邦證,ORG
41,永豐,GPE
41,金鼎證億元,MONEY
41,中國,GPE
41,億大昌證億元大銀億,MONEY
41,千億,CARDINAL
42,未來萬七,CARDINAL
42,萬七,CARDINAL
43,復華,ORG
43,近日,DATE
43,兩,CARDINAL
43,台,GPE
43,元大證券,ORG
45,千億,CARDINAL
45,第天,DATE
45,這幾天,DATE
46,兩萬,CARDINAL
46,台積電,ORG
46,這禮拜,DATE
46,長榮,ORG
46,鴻海,ORG
47,元大,ORG
47,鄺郁庭,PERSON
47,元大,ORG
47,台灣,GPE
47,首日,DATE
47,日,GPE
47,台灣,GPE
47,億元,MONEY
47,胡采蘋,PERSON
47,台,GPE
47,金字塔,FAC
47,胡采蘋,PERSON
47,今日,DATE
47,富邦,ORG
47,三月份,DATE
47,中信,ORG
47,幾十,CARDINAL
47,元大,ORG
47,億,CARDINAL
47,金字塔,ORG
47,元大證券,ORG
47,金字塔,FAC
47,百億,CARDINAL
47,元大金,ORG
47,台灣,GPE
47,台灣人,NORP
47,今年,DATE
47,元年元年,DATE
47,長榮,ORG
48,元大,ORG
48,元大,ORG
48,元大,ORG
49,今日,DATE
49,昨日,DATE
49,元大,ORG
49,首日,DATE
49,千億,CARDINAL
49,億元,MONEY
49,元大,ORG
49,昨日,DATE
49,億元,MONEY
49,幾十,CARDINAL
49,萬,CARDINAL
49,千億元,MONEY
49,今年,DATE
49,今年,DATE
49,億元,MONEY
49,今年,DATE
49,今年,DATE
49,三,CARDINAL
49,百分百,PERCENT
49,第四,ORDINAL
49,謝明志,PERSON
49,台灣,GPE
49,謝明志,PERSON
50,第二,ORDINAL
50,年月日週二下午,TIME
50,陳依旻,PERSON
50,巴菲特,PERSON
50,萬元,MONEY
50,台灣,NORP
50,今日下午,TIME
50,百億,CARDINAL
50,億元,MONEY
50,元大投信,ORG
50,國泰證券,ORG
50,中午點,TIME
50,萬,CARDINAL
50,億元,MONEY
50,首兩天,DATE
50,百億,CARDINAL
50,元大投信,ORG
50,日,GPE
50,兩天,DATE
50,第天,DATE
50,逾億,CARDINAL
50,第二天,DATE
50,今日,DATE
50,千億,CARDINAL
50,元大投信,ORG
50,三,CARDINAL
50,自月底,DATE
50,三,CARDINAL
50,第,ORDINAL
50,元大投信官,ORG
50,十,CARDINAL
50,長榮聯電,ORG
50,基漢唐,PERSON
50,群光瑞儀聯發科鈊象,ORG
50,第二,ORDINAL
50,第三,ORDINAL
50,巴菲特,ORG
50,巴菲特,PERSON
50,台灣指數公司,ORG
50,臺灣,NORP
50,過去五年,DATE
50,波克夏海瑟威,PERSON
50,巴菲特,PERSON
50,元大投信,ORG
50,元大投信,ORG
50,第二天,DATE
51,長榮,ORG
51,廖婕妤,PERSON
51,元大,ORG
51,臺灣,GPE
51,昨日,DATE
51,今日,DATE
51,兩年半,DATE
51,長榮,ORG
51,今日,DATE
51,近萬,CARDINAL
51,三,CARDINAL
51,萬,CARDINAL
51,第日,ORDINAL
51,逾萬,CARDINAL
51,長榮,ORG
51,聯電,ORG
51,神基權,PERSON
51,唐權,PERSON
51,光瑞儀,PERSON
51,聯發科鈊象新普,ORG
51,本周五，月日,DATE
51,長榮月,PERSON
51,億元,MONEY
51,前月,DATE
51,億元,MONEY
51,今天,DATE
51,長榮,ORG
51,三,CARDINAL
51,齊買超,PERSON
52,下週,DATE
52,下下週,DATE
52,長榮權,PERSON
52,中,GPE
52,漢唐權,PERSON
52,群光瑞儀聯發科鈊象,ORG
53,兩天,DATE
53,陳瑩欣,PERSON
53,台北,GPE
53,元大,ORG
53,台灣,GPE
53,今日,DATE
53,昨日,DATE
53,逾億元,MONEY
53,元大投信,ORG
53,元大金控集團,ORG
53,華南銀行,ORG
53,國泰證,ORG
53,元大,ORG
53,新聞雲,PERSON
53,昨天,DATE
53,第天,DATE
53,元大證,ORG
53,昨日,DATE
53,億元,MONEY
53,昨日,DATE
53,億元,MONEY
53,億元,MONEY
53,日,GPE
53,逾億元,MONEY
53,元大投信,ORG
53,金管會,ORG
53,億元,MONEY
53,台股,GPE
53,台灣,GPE
53,億,CARDINAL
53,兩天,DATE
53,台灣人,NORP
54,兩百億,CARDINAL
54,兩天,DATE
54,千七百億,CARDINAL
54,明天,DATE
55,兩天,DATE
55,千億元,MONEY
55,蔡靜紋,PERSON
55,元大,ORG
55,臺灣,NORP
55,第天日,DATE
55,億元,MONEY
55,今天,DATE
55,第二天,DATE
55,傍晚,TIME
55,億元,MONEY
55,千億元,MONEY
55,元大金控,ORG
55,元大投信,ORG
55,元大,ORG
55,臺灣,GPE
55,元大金控,ORG
55,元大證券,ORG
55,億元,MONEY
55,國泰金控,ORG
55,國泰證券,ORG
55,兩天,DATE
55,億元,MONEY
55,元大,ORG
55,千億元,MONEY
55,元大,ORG
55,巴菲特,ORG
55,巴菲特,PERSON
55,巴菲特,PERSON
55,臺灣,NORP
55,過去五年,DATE
55,元大投信,ORG
55,千億,CARDINAL
55,東森,ORG
55,千億,CARDINAL
55,明天,DATE
55,十,CARDINAL
56,台積電,ORG
56,兩萬五,MONEY
56,印,GPE
57,玉山,LOC
57,半夜,TIME
59,台灣,GPE
59,年後,DATE
59,張美元,PERSON
60,年月日週三上午,TIME
60,黃琮淵,PERSON
60,台北,GPE
60,元大台灣,NORP
60,萬萬元,MONEY
60,今年月日,DATE
60,農曆年前,DATE
60,上周,DATE
60,五,CARDINAL
60,這幾天,DATE
60,新臺幣,MONEY
61,千億,CARDINAL
61,元大投信,ORG
61,陳瑩欣,PERSON
61,台北,GPE
61,元大,ORG
61,台灣,GPE
61,月日,DATE
61,元大投信,ORG
61,今日,DATE
61,元大投信,ORG
61,元大投信,ORG
61,元大投信,ORG
61,元大投信,ORG
61,月日,DATE
61,元大投信,ORG
61,月日,DATE
61,業日,DATE
61,當日,DATE
61,元大投信,ORG
61,元大投信,ORG
61,臺灣,NORP
61,臺灣人,NORP
62,台股,GPE
62,三,CARDINAL
62,千億,CARDINAL
62,十,CARDINAL
62,台積電,ORG
62,近幾年,DATE
62,長榮,ORG
62,四千億,CARDINAL
62,中華電,ORG
62,幾百億,CARDINAL
62,幾千億,CARDINAL
62,年底,DATE
62,兩萬二,CARDINAL
63,金管會,ORG
63,工商時報,WORK_OF_ART
63,魏喬怡,PERSON
63,金管會,ORG
63,金管會,ORG
63,二,ORDINAL
63,三,CARDINAL
63,金管會,ORG
63,金管會,ORG
63,投信投顧公會,ORG
63,金管會,ORG
63,投信投顧公會,ORG
63,月日,DATE
63,平準金,ORG
63,投信顧公會,ORG
63,今年,DATE
63,今年,DATE
63,億元,MONEY
63,台灣,GPE
63,募破億元,MONEY
63,金管會,ORG
63,金管會,ORG
63,張都萬,PERSON
63,張萬,PERSON
64,國泰阿,ORG
64,十,CARDINAL
64,轉天,DATE
64,三萬,CARDINAL
64,台灣銀行,ORG
65,十,CARDINAL
65,長榮權,PERSON
65,中,GPE
65,漢唐權,PERSON
65,群光,ORG
65,瑞儀,ORG
65,聯發科,ORG
66,這幾天,DATE
67,廖婕妤,PERSON
67,台北,GPE
67,元大,ORG
67,台灣,GPE
67,上千億元,MONEY
67,玉山金,ORG
67,玉山證券,ORG
67,元大投信,ORG
67,今日,DATE
67,日前,DATE
67,半小時,TIME
67,數十,CARDINAL
67,數百,CARDINAL
67,凌晨點,TIME
67,好幾百,CARDINAL
67,玉山金證,ORG
67,永豐金證,ORG
67,元大投信,ORG
67,玉山,LOC
67,三歲,DATE
67,玉山,PERSON
67,第天,DATE
67,存百萬,CARDINAL
67,七千,CARDINAL
67,百億,CARDINAL
67,千萬,CARDINAL
68,當年,DATE
68,國安基金,ORG
69,兩天,DATE
69,這週,DATE
69,金管會,ORG
70,元大台灣,ORG
70,第天,DATE
70,第二天,DATE
70,第三天,DATE
71,台光電傳,ORG
71,張漢綺,PERSON
71,台北,GPE
71,台光電,ORG
71,兩天,DATE
71,今天,DATE
71,美,GPE
71,台光電,ORG
71,台光,ORG
71,月日,DATE
71,台達電,ORG
71,台光電,ORG
71,韓國,GPE
71,斗山,ORG
71,兩天,DATE
71,台光電,ORG
71,全年,DATE
71,美系,GPE
71,台光電,ORG
71,台光電市,ORG
71,億元/億元,MONEY
71,光電年,ORG
71,台光電,ORG
71,美系,GPE
71,台光電,ORG
72,週週,DATE
73,審計委員會,ORG
73,仟元,MONEY
73,月日,DATE
73,仟元,MONEY
73,月日,DATE
73,仟元,MONEY
73,月日,DATE
73,仟元,MONEY
73,月日,DATE
73,損仟元,MONEY
73,月日,DATE
73,仟元,MONEY
73,仟元,MONEY
74,這幾天,DATE
74,臺灣,NORP
74,台灣,NORP
75,香港,GPE
75,大陸,GPE
75,亞洲,LOC
75,兩,CARDINAL
76,元大,ORG
76,元大,ORG
76,今天,DATE
76,今天,DATE
76,台灣,GPE
76,臺灣,GPE
76,台灣人,NORP
77,台股,GPE
77,兩萬,CARDINAL
77,百萬月,DATE
77,七千,CARDINAL
77,元大,ORG
77,金管會,ORG
77,金管會,ORG
78,快千億,CARDINAL
78,第天,DATE
78,千億,CARDINAL
79,好幾年,DATE
79,月月配,DATE
79,台灣,GPE
79,明年,DATE
80,元大,ORG
80,臺灣,NORP
80,臺灣,NORP
80,臺灣,NORP
81,近億,CARDINAL
81,元大投信,ORG
81,本周,DATE
81,元大,ORG
81,台,GPE
81,國泰證券,ORG
81,玉山證券,ORG
81,萬元,MONEY
81,今日,DATE
81,元大投信,ORG
81,元大,ORG
81,台灣,GPE
81,月日,DATE
81,元大投信,ORG
81,十,CARDINAL
81,聯發科,ORG
81,去年,DATE
82,富邦證,ORG
82,廖婕妤,PERSON
82,台北,GPE
82,元大台灣,GPE
82,本周五日,DATE
82,富邦證券,ORG
82,今日,DATE
82,傍晚,TIME
82,未來兩天,DATE
82,富邦證券,ORG
82,富邦證券,ORG
82,元大台灣價值高息之申購時程公司,ORG
82,富邦證,ORG
82,月日至月日,DATE
82,富邦證,ORG
82,玉山證,PERSON
82,今日,DATE
82,上午,TIME
82,玉山,LOC
82,台灣,NORP
82,富邦,ORG
82,早上,TIME
82,昨天,DATE
83,富邦,ORG
83,昨天,DATE
83,永豐,PERSON
83,周五,DATE
84,十,CARDINAL
84,第天,DATE
85,今天,DATE
85,永豐金證券,ORG
85,富邦,ORG
85,永豐,ORG
85,元大,ORG
85,永豐,PERSON
85,富邦,ORG
85,永豐,PERSON
87,月月配,PERSON
87,兩萬,CARDINAL
87,台灣人,NORP
87,幾百上千,CARDINAL
88,兩萬,CARDINAL
89,推文堆,PERSON
91,今年,DATE
91,今年,DATE
91,整年,DATE
91,去年,DATE
91,中國,GPE
91,日前,DATE
91,這幾天,DATE
91,三,CARDINAL
91,幾個月後,DATE
91,中租,ORG
92,兩,CARDINAL
92,年月,DATE
92,周亭瑋,PERSON
92,元大台灣,NORP
92,台,GPE
92,上億元,MONEY
92,玉山證券,ORG
92,七成,CARDINAL
92,近日,DATE
92,第天,DATE
93,台灣,NORP
93,第天,DATE
94,第天,DATE
94,第天,DATE
94,第天,DATE
94,第天,DATE
95,元大,ORG
95,臺灣,NORP
95,第二,ORDINAL
95,~月,DATE
95,今天,DATE
95,這個月,DATE
95,台股,GPE
95,當天,DATE
95,千百,CARDINAL
95,第季,ORDINAL
95,摩爾,PERSON
95,華爾街,ORG
95,中,GPE
95,六,CARDINAL
95,第三,ORDINAL
95,兩萬,CARDINAL
95,兩萬,CARDINAL
95,台股,GPE
95,日,GPE
95,元大投信,ORG
95,法證券交易法,LAW
95,日月光長榮,ORG
95,元大,ORG
95,億,CARDINAL
95,兩天,DATE
95,多億,CARDINAL
95,元大,ORG
95,元大,ORG
95,柴鼠,PERSON
96,祝蘭蕙,PERSON
96,台灣,GPE
96,元大,ORG
96,紅胡采蘋,PERSON
96,胡采蘋,PERSON
96,胡采蘋,PERSON
96,胡采蘋,PERSON
96,去年,DATE
96,胡采蘋,PERSON
96,胡采蘋,PERSON
97,元大金,ORG
97,兩,CARDINAL
97,下個月,DATE
97,年後,DATE
97,早上,TIME
97,幾個月,DATE
98,平準金,PERSON
100,元大台灣,NORP
100,數千億,MONEY
100,台股,GPE
100,美股,NORP
100,美股,NORP
100,台灣,NORP
101,元大新,ORG
101,元大證券官,ORG
101,元大,ORG
101,日前,DATE
101,元大證券,ORG
103,台積電,ORG
103,台積電,ORG
103,台積,ORG
103,台積,ORG
103,台積,ORG
104,財經網,ORG
104,工商時報,WORK_OF_ART
104,曾宇平,PERSON
104,元大投信,ORG
104,兩天,DATE
104,千億,CARDINAL
104,玉山證券,ORG
104,胡采蘋,PERSON
104,胡采蘋,PERSON
104,萬塊萬五,MONEY
104,兩,CARDINAL
104,胡采蘋,PERSON
104,兩個月,DATE
104,兩個月,DATE
104,胡采蘋,PERSON
104,去年,DATE
104,美債,NORP
104,兩,CARDINAL
104,胡采蘋,PERSON
104,金管會,ORG
104,日,GPE
104,胡采蘋,PERSON
105,楊金龍,PERSON
105,徐筱嵐,PERSON
105,央行,ORG
105,楊金龍,PERSON
105,立法院,ORG
105,財政委員會,ORG
105,楊金龍,PERSON
105,金管會,ORG
105,台股,GPE
105,兩萬,CARDINAL
105,台股,GPE
105,國民黨,ORG
105,林德福,PERSON
105,半年,DATE
105,楊金龍,PERSON
105,金管會,ORG
105,央行,ORG
105,金管會,ORG
106,央行,ORG
106,陳瑩欣,PERSON
106,元大台灣,GPE
106,千億,CARDINAL
106,央行,ORG
106,楊金龍,PERSON
106,日,GPE
106,立法院,ORG
106,楊金龍,PERSON
106,今天,DATE
106,立法院,ORG
106,林德福,PERSON
106,楊金龍,PERSON
106,金管會,ORG
106,施,PERSON
106,楊金龍,PERSON
106,金管會,ORG
106,今年,DATE
106,今年,DATE
106,月日,DATE
106,美元,MONEY
106,今年,DATE
106,美國,GPE
106,央行,ORG
107,上半年,DATE
107,陳瑩欣,PERSON
107,中央銀行,ORG
107,楊金龍,PERSON
107,今日,DATE
107,今年,DATE
107,上半年,DATE
107,楊金龍,PERSON
107,今日,DATE
107,立法院,ORG
107,國民黨,ORG
107,林德福,PERSON
107,王鴻薇,PERSON
107,民進黨,ORG
107,吳秉叡,PERSON
107,楊金龍,PERSON
107,月前,DATE
107,歐美,LOC
107,楊金龍,PERSON
107,台灣,GPE
107,台灣,GPE
107,王道,PERSON
108,最近幾周,DATE
109,台新證券,ORG
109,郭宜欣,PERSON
109,中時新聞網,ORG
109,郭宜欣,PERSON
109,台灣,GPE
109,玉山證券,ORG
109,今日,DATE
109,台新證券,ORG
109,今天,DATE
109,玉山證券,ORG
109,昨日,DATE
109,元大投信,ORG
109,台新證券,ORG
109,台新證券,ORG
109,四,CARDINAL
109,元大,ORG
109,明天日,DATE
109,台新,ORG
109,千億,CARDINAL
109,元大投信,ORG
109,元大投信,ORG
109,元大投信,ORG
109,元大,ORG
109,元大,ORG
109,玉山,LOC
109,台新,ORG
109,台灣,NORP
110,七,CARDINAL
110,寶來證券,ORG
111,元大證急,ORG
111,陳瑩欣,PERSON
111,台北,GPE
111,陳瑩欣,PERSON
111,台北,GPE
111,元大金,ORG
111,元大投信,ORG
111,元大台灣,ORG
111,千億,CARDINAL
111,月日,DATE
111,元大證券,ORG
111,千億,CARDINAL
111,明日,DATE
111,玉山證券,ORG
111,富邦證券,ORG
111,同天,DATE
111,元大投信,ORG
111,元大金集團,ORG
111,元大證券,FAC
111,月日,DATE
111,台新證券,ORG
111,今日,DATE
111,四,CARDINAL
111,今日,DATE
111,元大集團,ORG
111,元大證券,ORG
111,千億,CARDINAL
111,央行,ORG
111,楊金龍,PERSON
111,今日,DATE
111,立法院,ORG
111,財委會,ORG
111,金管會,ORG
111,彭博社,ORG
111,楊金龍,PERSON
111,台灣,NORP
111,立法院,ORG
112,郭哲榮,PERSON
112,王翊綺,PERSON
112,台北,GPE
112,台灣,GPE
112,哲哲,PERSON
112,摩爾投顧投資長,ORG
112,郭哲榮,PERSON
112,群益台灣,ORG
112,摩爾投顧投資長,ORG
112,郭哲榮,PERSON
112,郭哲榮,PERSON
112,聯發科聯電,ORG
112,神盾,PRODUCT
112,去年,DATE
112,復華台灣科技,ORG
112,京元電子,ORG
112,瑞儀,ORG
112,長榮聯電,ORG
112,漢唐群光瑞儀聯發科鈊象,ORG
112,月及月,DATE
112,聯電聯發,ORG
112,哲哲,PERSON
112,哲哲,PERSON
113,哲哲清流君,PERSON
113,長榮,ORG
113,台積電,ORG
114,兩,CARDINAL
114,兩,CARDINAL
114,今天,DATE
114,情人節,DATE
115,元大,ORG
115,台灣,NORP
115,上百,CARDINAL
115,沖勒戒所,PERSON
115,四,CARDINAL
115,約瑟夫,PERSON
115,怜迪,PERSON
115,台新證,PERSON
115,富邦證,ORG
115,央行,ORG
115,楊,PERSON
115,金龍日,PERSON
115,元大投信,ORG
115,日前,DATE
115,元大投信,ORG
116,美國,GPE
116,平準金,PRODUCT
117,野村,ORG
117,臺灣,GPE
117,張慧雯,PERSON
117,台北,GPE
117,元大,ORG
117,昨日,DATE
117,首日,DATE
117,億元,MONEY
117,臺灣,GPE
117,月日至月,DATE
117,日,GPE
117,野村投信,PERSON
117,臺灣,GPE
117,平準金,ORG
117,野村投信策略暨行銷處,ORG
117,黃宏治,PERSON
117,臺灣,GPE
117,台灣,GPE
117,上市櫃市,GPE
117,近個月,DATE
117,臺灣,GPE
117,元年,DATE
117,第四,ORDINAL
118,元年,DATE
118,鉅亨網,ORG
118,陳于晴,PERSON
118,群益投信,ORG
118,日,GPE
118,四季,DATE
118,今年,DATE
118,月日,DATE
118,月日,DATE
118,四季,DATE
118,元元元元,MONEY
118,月底期前,DATE
118,萬,CARDINAL
118,日,GPE
118,第大,ORDINAL
118,台股,NORP
118,今年,DATE
118,百分百,PERCENT
118,今天,DATE
119,金管會,ORG
119,年月日週四下午,TIME
119,葉憶,PERSON
119,百萬,CARDINAL
119,明天,DATE
119,月日,DATE
119,證期局,ORG
119,尚光琪,PERSON
119,明天,DATE
119,午點分,TIME
119,二,CARDINAL
119,元大金,ORG
119,元大投信,ORG
119,元大台灣,ORG
119,~月,DATE
119,日,GPE
119,月日,DATE
119,萬元,MONEY
119,第天,DATE
119,台股,NORP
119,這幾天,DATE
119,二,ORDINAL
119,中午下午,TIME
119,玉山證台新證富邦證,ORG
119,凌晨,TIME
119,今日,DATE
119,尚光琪,PERSON
119,金管會,ORG
119,二,CARDINAL
119,明天,DATE
119,下午點分,TIME
119,尚光琪,PERSON
119,金管會,ORG
119,明天,DATE
120,台灣,NORP
120,元大,ORG
120,年前,DATE
120,鬱金香,PRODUCT
120,台鹽,ORG
120,日本,GPE
120,台鹽,ORG
120,第天,DATE
120,第二天,DATE
120,二,CARDINAL
121,下周,DATE
121,三,CARDINAL
121,年月,DATE
121,日,GPE
121,陳瑩欣,PERSON
121,台北,GPE
121,台灣,GPE
121,台灣,GPE
121,今日,DATE
121,下周三日,DATE
121,昨日,DATE
121,今日,DATE
121,兩,CARDINAL
121,阿魯米,PERSON
122,元大銀行,ORG
122,元大基金,ORG
122,兩,CARDINAL
123,台灣人,NORP
123,上千億,MONEY
123,台灣,GPE
123,過去四十年,DATE
123,三,CARDINAL
123,五千萬,CARDINAL
123,台灣,GPE
123,百倍,CARDINAL
123,國民政府,ORG
123,當年,DATE
123,台灣人,NORP
123,中國大陸,GPE
123,台灣,GPE
124,日式,GPE
124,多萬,CARDINAL
124,文化中心團,ORG
124,台積電,ORG
124,第次,ORDINAL
125,金管會,ORG
125,工商時報,WORK_OF_ART
125,戴瑞瑤,PERSON
125,黃于庭,PERSON
125,金管會,ORG
125,楊金龍,PERSON
125,元大投信,ORG
125,中央銀行,ORG
125,楊金龍,PERSON
125,金管會,ORG
125,台股,NORP
125,銀行局,ORG
125,林志吉,PERSON
125,月底,DATE
125,",億元",MONEY
125,央行,ORG
125,金管會,ORG
125,楊金龍,PERSON
125,立院財委會,ORG
125,楊金龍,PERSON
125,證期局,ORG
125,尚光琪,PERSON
125,金管會,ORG
125,兩,CARDINAL
125,金管會,ORG
125,尚光琪,PERSON
125,台灣,GPE
125,台灣,GPE
125,二百億元,MONEY
125,金管會,ORG
125,今天,DATE
125,台灣,NORP
125,元大,ORG
126,廖婕妤,PERSON
126,台北,GPE
126,元大台灣,GPE
126,今日,DATE
126,最後天,DATE
126,月日,DATE
126,今日上午點,TIME
126,近萬,CARDINAL
126,萬元,MONEY
126,金管會證期局,ORG
126,昨日,DATE
126,第則,ORDINAL
126,日下午點分,TIME
126,今天,DATE
126,日,GPE
127,曾筠淇,PERSON
127,台灣,GPE
127,今日,DATE
127,日,GPE
127,萬元,MONEY
127,早上點鐘,TIME
127,萬,CARDINAL
127,萬元,MONEY
127,肖查,PERSON
127,新聞網,ORG
127,今日,DATE
127,玉山,LOC
127,富邦證券,ORG
127,元大投信,ORG
127,元大金集團,ORG
127,元大證券,ORG
127,月日,DATE
127,台新證券日,ORG
127,元大證券,ORG
127,元大集團,ORG
127,元大證券,ORG
127,早上,TIME
127,臺灣,GPE
127,臺灣,NORP
128,新北女,ORG
128,江孟謙,PERSON
128,新北,GPE
128,萬元,MONEY
128,楊女,PERSON
128,萬元,MONEY
128,日前,DATE
128,楊女,PERSON
128,張,PERSON
128,鄭,PERSON
128,楊女,PERSON
128,日前,DATE
128,土城派出所,ORG
128,楊女,PERSON
128,楊女,PERSON
128,日前,DATE
128,土城派出所,ORG
128,楊女,PERSON
128,張男,PERSON
128,張男,PERSON
128,鄭,PERSON
128,兩,CARDINAL
128,張印章,PERSON
128,新北地檢偵,ORG
129,施怡妏,PERSON
129,施怡妏,PERSON
129,元大,ORG
129,台灣,GPE
129,萬元,MONEY
129,億元,MONEY
129,夏綠蒂聊,PERSON
129,夏綠蒂,PERSON
129,幾百,CARDINAL
130,今天,DATE
130,昨晚,TIME
130,早上,TIME
130,張,PERSON
130,當天,DATE
130,日,GPE
130,五天,DATE
130,五天,DATE
131,廖婕妤,PERSON
131,台北,GPE
131,台灣,GPE
131,元大,ORG
131,台灣,NORP
131,千億,CARDINAL
131,兩,CARDINAL
131,長榮,ORG
131,今日,DATE
131,長榮,ORG
131,三,CARDINAL
131,今日,DATE
131,逾萬,CARDINAL
131,鍾,PERSON
131,台灣,GPE
131,永豐台灣優選入息存股基金,ORG
131,台灣,GPE
131,富邦,ORG
131,今年,DATE
131,廖婕妤,PERSON
131,今年,DATE
131,今年,DATE
131,今日,DATE
131,今年,DATE
131,今年,DATE
131,紅海,LOC
131,長榮,PERSON
131,元大,ORG
131,長榮月,PERSON
131,億元,MONEY
131,前月,DATE
131,億元,MONEY
131,前天,DATE
131,長榮,ORG
131,破元,MONEY
131,今天,DATE
131,下禮拜,DATE
132,日週五下午,TIME
132,中廣新聞網,ORG
132,長榮,ORG
132,去年,DATE
132,昨天,DATE
132,長榮,ORG
132,今天,DATE
132,萬海,ORG
132,陽明,ORG
132,新台幣億元,MONEY
132,長榮,ORG
132,億元,MONEY
132,長榮年,PERSON
132,今年,DATE
132,前年,DATE
132,昨天,DATE
132,長榮,ORG
132,長榮,ORG
132,長榮,ORG
132,今天,DATE
132,萬海航運,ORG
132,前天,DATE
132,萬海,ORG
132,陽明,PERSON
132,今天,DATE
132,長榮,ORG
132,今年,DATE
132,去年,DATE
132,明年,DATE
132,長榮,ORG
132,今年,DATE
132,萬多,CARDINAL
133,金控,ORG
133,日週五下午,TIME
133,葉憶如,PERSON
133,佛教,NORP
133,國泰金,ORG
133,李長庚,PERSON
133,日,GPE
133,國壽,ORG
133,數百萬,CARDINAL
133,國壽,ORG
133,國泰金控,ORG
133,李長庚,PERSON
133,昨天,DATE
133,出家人,NORP
133,國壽,ORG
133,林昭廷,PERSON
133,國泰人壽,ORG
133,二月,DATE
133,去年月月,DATE
133,完年後,DATE
133,今年,DATE
133,國壽,ORG
133,國壽,ORG
133,萬,CARDINAL
134,第天,DATE
134,第天,DATE
134,今天,DATE
134,台灣,NORP
135,今天,DATE
136,羅智先,PERSON
136,今年,DATE
136,工商時報,WORK_OF_ART
136,李麗滿,PERSON
136,日聯合法,PERSON
136,羅智先,PERSON
136,今年,DATE
136,兩,CARDINAL
136,統集團,ORG
136,去年,DATE
136,億,CARDINAL
136,統超商,ORG
136,兩,CARDINAL
136,統中控,ORG
136,去年,DATE
136,人民幣億元,MONEY
136,人民幣,MONEY
136,億元,MONEY
136,羅智先,PERSON
136,中國,GPE
136,大陸,GPE
136,方便麵,PRODUCT
136,方便麵,PRODUCT
136,方便麵,PRODUCT
136,華人,NORP
136,三,CARDINAL
136,數千上萬,CARDINAL
136,統集團,ORG
136,大陸,GPE
136,第個,ORDINAL
136,去年,DATE
136,羅智先,PERSON
136,三,CARDINAL
136,綠茶市,GPE
136,阿薩姆奶茶市,GPE
136,上帝,PERSON
136,羅智先,PERSON
136,億千萬,CARDINAL
136,中國,GPE
137,台灣,GPE
137,中央通訊社,ORG
137,潘姿羽,PERSON
137,中央銀行,ORG
137,楊金龍,PERSON
137,台灣,GPE
137,今年,DATE
137,新台幣兆元,MONEY
137,元大,ORG
137,台灣,GPE
137,主計總處,ORG
137,月底,DATE
137,今年,DATE
137,新台幣兆元,MONEY
137,去年月,DATE
137,台灣,GPE
137,兆元,MONEY
137,台灣,GPE
137,今年,DATE
137,兆元,MONEY
137,台灣,NORP
137,台灣,GPE
137,今年,DATE
137,中央大學經濟系,ORG
137,吳大任,PERSON
137,吳大任,PERSON
137,吳,PERSON
137,台灣,GPE
137,歐,NORP
137,美,NORP
137,近幾年,DATE
137,林淑媛,PERSON
137,年兆,PERSON
137,年兆,PERSON
137,年兆,PERSON
137,年兆,PERSON
138,萬,CARDINAL
138,元大,ORG
138,工商時報,WORK_OF_ART
138,李正傑,PERSON
138,元大,ORG
138,台灣,NORP
138,金管會央行,ORG
138,萬,CARDINAL
138,元大,ORG
138,台灣,GPE
138,日,GPE
138,元大投信,ORG
138,中央銀行,ORG
138,楊金龍,PERSON
138,金管會,ORG
138,今日,DATE
138,月日,DATE
138,萬,CARDINAL
138,台灣人,NORP
138,月日,DATE
138,大安區,LOC
138,龍巖,GPE
138,兩,CARDINAL
138,當日,DATE
138,金管會,ORG
138,元大坑,PERSON
138,阿沙布魯,PERSON
138,第年,DATE
138,第二年,DATE
138,第次,ORDINAL
138,三個月後,DATE
138,元大,ORG
138,六百億,CARDINAL
138,三,CARDINAL
138,兩千億,CARDINAL
138,當天,DATE
139,富邦證券,ORG
139,元大,ORG
139,下周,DATE
139,元大,ORG
139,元大,ORG
139,這幾天,DATE
139,群光,ORG
139,漢唐長榮聯電,ORG
139,昨天,DATE
139,昨天,DATE
139,今天,DATE
139,下周,DATE
139,漢唐,ORG
139,這幾天,DATE
140,下周,DATE
140,億,CARDINAL
140,長榮,ORG
140,二天,DATE
140,下二周,DATE
140,長榮,ORG
141,元大,ORG
141,台灣,GPE
141,張建倉,PERSON
141,這幾天,DATE
142,百,CARDINAL
145,兩,CARDINAL
146,今天,DATE
146,長榮,PERSON
146,今天,DATE
146,零,CARDINAL
148,謝金河,PERSON
148,聯合報,ORG
148,朱漢崙,PERSON
148,台北,GPE
148,財信傳媒,ORG
148,謝金河,PERSON
148,昨晚,TIME
148,台灣,GPE
148,台灣,GPE
148,謝金河,PERSON
148,台灣,GPE
148,約兆,PERSON
148,央行,ORG
148,楊金龍,PERSON
148,金管會,ORG
148,黃天牧,PERSON
148,台灣,GPE
148,第個,ORDINAL
148,台灣,GPE
148,年之前,DATE
148,台灣銀行,ORG
148,兆台幣,PERSON
148,台灣,GPE
148,台灣,GPE
148,兆元,MONEY
148,中國大陸,GPE
148,中國,GPE
148,台灣人,NORP
148,中國,GPE
148,大陸,GPE
148,新台幣,MONEY
148,億元,MONEY
148,謝金河,PERSON
148,去年,DATE
148,元大,ORG
148,億元,MONEY
148,億元,MONEY
148,謝金河,PERSON
148,台灣,GPE
148,元大投信,ORG
148,投信公會,ORG
148,劉宗聖,PERSON
148,謝金河,PERSON
148,台灣,GPE
148,台灣,GPE
148,台積電,ORG
148,台積電,ORG
148,台灣人,NORP
148,兩,CARDINAL
148,兩萬,CARDINAL
148,台灣人,NORP
149,整周,DATE
149,歐印,LOC
149,千億,CARDINAL
149,印,GPE
150,台積電,ORG
150,復華,ORG
151,幾百億幾百億,CARDINAL
151,幾百億,CARDINAL
151,鴻海,PERSON
151,幾千,CARDINAL
151,幾十億,CARDINAL
151,鴻海,PERSON
151,富聯,ORG
151,富聯,ORG
151,美股,NORP
151,美國,GPE
152,長榮,ORG
152,中國籍,NORP
152,年月日,DATE
152,閔文昱,PERSON
152,閔文昱,PERSON
152,金門海域,LOC
152,中國,GPE
152,三,CARDINAL
152,兩,CARDINAL
152,兩岸,LOC
152,長輝輪,PERSON
152,青島港,FAC
152,東森新聞,ORG
152,日清晨,TIME
152,長輝輪,PERSON
152,青島港,FAC
152,中國籍,NORP
152,元大,ORG
153,億澄清,CARDINAL
153,聖帝君,PERSON
153,當天,DATE
154,林保華,PERSON
154,台灣,GPE
154,林保華,PERSON
154,台灣,GPE
154,億元新台幣,MONEY
154,千億元,MONEY
154,新加坡大華銀行,ORG
154,台灣,GPE
154,幾十,CARDINAL
154,達兆,PERSON
154,元大,ORG
154,年前的年,DATE
154,派次,PERSON
154,月日,DATE
154,今年月,DATE
154,太陽花運動,EVENT
154,蔡英文,PERSON
154,中國,GPE
154,中,GPE
154,美,GPE
154,台灣,GPE
154,元大,ORG
154,很多年,DATE
154,兩,CARDINAL
154,台灣,GPE
154,兩,CARDINAL
154,兩萬,CARDINAL
154,日,GPE
154,美國,GPE
154,台灣,GPE
154,台灣,GPE
154,萬,CARDINAL
154,中國,GPE
154,美國,GPE
154,台灣,GPE
154,台灣,GPE
154,鴻源弊案,EVENT
154,"新台幣,億元",MONEY
154,鴻源機構,ORG
154,萬,CARDINAL
154,新台幣餘億元,MONEY
154,這兩年,DATE
154,台灣,GPE
155,十元,MONEY
155,明天,DATE
156,明天,DATE
156,元大,ORG
156,這二周,DATE
156,第關,ORDINAL
156,元大,ORG
156,二,CARDINAL
156,長榮,ORG
156,長榮,ORG
156,二天,DATE
156,元大,ORG
156,黃天牧,PERSON
156,八,CARDINAL
156,順利元,PERSON
156,這二周,DATE
156,十天,DATE
156,長榮,ORG
156,長榮,ORG
156,元大,ORG
156,十,CARDINAL
156,神基,ORG
156,漢唐,ORG
156,瑞儀,ORG
156,三,CARDINAL
156,二周內,DATE
156,神基,ORG
156,漢唐,GPE
156,瑞儀,ORG
156,三,CARDINAL
157,兩,CARDINAL
157,自年,DATE
157,近幾年,DATE
157,平準金,PERSON
157,中華電,ORG
157,去年,DATE
157,年前,DATE
157,長榮,ORG
157,然而年後,DATE
157,長榮,ORG
157,長榮,ORG
157,長榮,ORG
157,長榮,ORG
157,平準金,PERSON
157,台灣,GPE
157,半年,DATE
158,九成,PERCENT
159,兩,CARDINAL
159,台灣,GPE
159,初始年,DATE
159,近五年,DATE
159,近五年,DATE
159,董年底,PERSON
159,泰銘,ORG
159,中文,LANGUAGE
159,拉巴菲特波克夏,PERSON
159,巴菲特,PERSON
159,波克夏,ORG
159,巴菲特,PERSON
159,日本,GPE
159,日本,GPE
159,台積電,ORG
159,兩萬,CARDINAL
159,台積電,ORG
159,巴肥特,PERSON
159,可口可樂,ORG
159,長榮,ORG
159,旦長榮,PERSON
159,今年,DATE
159,基金,ORG
159,清流君,PERSON
159,歐印,PERSON
159,億,CARDINAL
160,今天,DATE
160,金管會,ORG
160,十幾二十年後,DATE
160,幾百,CARDINAL
160,阿榮,PERSON
160,前年,DATE
160,臺慶科,PERSON
161,黃天牧,PERSON
161,工商時報,WORK_OF_ART
161,戴瑞瑤,PERSON
161,魏喬怡,PERSON
161,黃天牧,PERSON
161,金管會,ORG
161,黃天牧,PERSON
161,三,CARDINAL
161,黃天牧,PERSON
161,黃天牧,PERSON
161,今天,DATE
161,立院財委會,ORG
161,吳秉叡,PERSON
161,黃天牧,PERSON
161,三,CARDINAL
161,二,CARDINAL
161,三,CARDINAL
161,吳秉叡,PERSON
161,黃天牧,PERSON
161,黃天牧,PERSON
161,金管會,ORG
161,金管會,ORG
161,證期局,ORG
161,高晶萍,PERSON
161,政策會,ORG
161,三,CARDINAL
161,二,ORDINAL
161,三,CARDINAL
161,投信公司,ORG
161,吳秉叡,PERSON
161,萬多,CARDINAL
161,元大投信,ORG
161,黃天牧,PERSON
161,金管會,ORG
161,元大,ORG
162,台積電,ORG
162,十名,CARDINAL
162,兩,CARDINAL
162,長榮光,PERSON
162,週四五,DATE
162,這兩天,DATE
162,漢唐新普,PERSON
162,萬,CARDINAL
162,當日,DATE
162,這三年來,DATE
163,吳美觀,PERSON
163,台灣,GPE
163,月下旬,DATE
163,月日至月日,DATE
163,月日,DATE
163,野村投信策略暨行銷處,ORG
163,黃宏治,PERSON
163,台灣,GPE
163,近個月,DATE
163,臺灣,GPE
163,黃宏治,PERSON
163,臺灣,GPE
163,台灣,GPE
163,臺灣,GPE
163,臺灣,GPE
163,臺灣,GPE
163,野村投信,PERSON
163,平準金,ORG
163,半年,DATE
163,月與月,DATE
163,台灣,GPE
163,臺灣,GPE
163,台灣,GPE
163,月底,DATE
164,金管會,ORG
164,陳瑩欣,PERSON
164,台北,GPE
164,金管會,ORG
164,兩,CARDINAL
164,萬,CARDINAL
164,吳秉叡,PERSON
164,今日,DATE
164,財委會,ORG
164,金管會,ORG
164,黃天牧,PERSON
164,黃,PERSON
164,黃天牧,PERSON
164,金管會,ORG
164,台灣,GPE
164,台灣,GPE
164,萬,CARDINAL
165,億元,MONEY
165,達麗,PERSON
165,審計委員會,ORG
165,仟元,MONEY
165,毛利毛,WORK_OF_ART
165,仟元,MONEY
165,月日,DATE
165,仟元,MONEY
165,月日,DATE
165,仟元,MONEY
165,月日,DATE
165,損仟元,MONEY
165,月日,DATE
165,仟元,MONEY
165,仟元,MONEY
166,聯詠,ORG
166,光寶科,ORG
166,上禮拜,DATE
166,十,CARDINAL
166,兩,CARDINAL
166,兩,CARDINAL
166,兩,CARDINAL
166,聯電,ORG
166,聯發科,ORG
166,神基新普,ORG
166,元大公布,ORG
166,聯詠,ORG
166,光寶科,ORG
166,十,CARDINAL
166,長榮,ORG
166,鈊象,ORG
166,去年,DATE
166,瑞儀,ORG
166,聯詠光寶科,ORG
166,聯詠光寶科,ORG
166,聯詠光寶科,ORG
166,三月,DATE
166,二月,DATE
166,聯詠光寶,ORG
166,聯詠光寶科,ORG
166,十,CARDINAL
166,兩,CARDINAL
166,聯詠,ORG
166,兩,CARDINAL
166,光寶科,ORG
166,神基緯創,ORG
166,兩,CARDINAL
166,兩,CARDINAL
166,光寶科,ORG
166,聯詠,ORG
167,金管會,ORG
167,陳瑩欣,PERSON
167,台北,GPE
167,陳瑩欣,PERSON
167,台北,GPE
167,元大,ORG
167,台灣,NORP
167,台灣,GPE
167,兩,CARDINAL
167,億元,MONEY
167,元大投信,ORG
167,證期局,ORG
167,高晶,PERSON
167,立法院財委會,ORG
167,鮮人,NORP
167,億元至億元,MONEY
167,各億與億元,MONEY
167,兩千億,CARDINAL
167,長榮,PERSON
168,幾百萬,CARDINAL
168,台灣,GPE
168,國會,ORG
169,富邦證券,ORG
169,十,CARDINAL
169,聯電,ORG
169,大聯大,ORG
169,鴻海,PERSON
169,京元電子,ORG
169,英業達,ORG
169,聯強,ORG
169,日月光投控,ORG
169,東陽,PERSON
169,文曄,PERSON
169,健鼎,ORG
169,群光,ORG
169,中信金,ORG
169,欣興,ORG
169,聯詠,ORG
169,中信,ORG
169,中國,GPE
169,宏碁,ORG
169,佳世達,ORG
169,瑞昱,ORG
169,瑞儀,ORG
169,中華,GPE
169,裕民,ORG
169,兆豐金,ORG
169,光寶科,ORG
169,臻鼎,PERSON
169,華新,ORG
169,啟碁,ORG
169,廣達,ORG
169,矽創,ORG
169,東元,ORG
169,聯發科,ORG
169,新光鋼,ORG
169,緯創,ORG
169,建準,ORG
169,高力,ORG
169,晶技,ORG
169,嘉澤,ORG
169,天鈺,ORG
169,台肥,ORG
169,台表科,ORG
169,台光,ORG
169,旺宏,ORG
169,遠東銀,ORG
169,中磊,ORG
169,遠百,ORG
169,智邦,ORG
169,華通,ORG
169,技嘉,ORG
169,樺漢,PERSON
169,元大,ORG
169,台灣,GPE
169,瀚宇,ORG
169,新唐,PERSON
169,兆豐藍,PERSON
169,精成科,ORG
169,仁寶,ORG
169,台積電,ORG
169,緯穎,PERSON
169,智易,ORG
169,美,GPE
169,正新,ORG
169,上海商銀,ORG
169,遠傳,ORG
169,神基,ORG
169,台灣,GPE
169,元大金,ORG
169,榮運,ORG
169,元大,ORG
169,台灣,GPE
169,聯陽,ORG
169,永豐金,PERSON
169,台新金,ORG
169,國泰金,ORG
169,中保科,PERSON
169,保瑞,PERSON
169,第金,GPE
169,南亞科,ORG
169,宏全,ORG
169,奇鋐,ORG
169,華南,LOC
169,中鋼,ORG
169,彰銀,ORG
169,富邦金,ORG
170,億元,MONEY
170,兩,CARDINAL
170,今日,DATE
170,億元,MONEY
170,台積電鴻海,ORG
170,聯發科,ORG
170,億元,MONEY
170,億元,MONEY
170,第大,ORDINAL
170,年前,DATE
170,億元,MONEY
170,今年月,DATE
170,億,CARDINAL
170,第，第,ORDINAL
170,今年月中旬,DATE
170,，億元,MONEY
170,上週三日,DATE
170,三,CARDINAL
170,億元,MONEY
170,億元,MONEY
170,億元,MONEY
170,三,CARDINAL
170,億元,MONEY
170,兩,CARDINAL
170,今天,DATE
170,第紀,ORDINAL
170,下個禮拜,DATE
171,那天之前,DATE
172,億元,MONEY
172,張慧雯,PERSON
172,元大投信網站,ORG
172,月日,DATE
172,元大,ORG
172,上週五日,DATE
172,億元,MONEY
172,首日,DATE
172,億元,MONEY
172,至少億元,MONEY
172,兩日,DATE
172,億元,MONEY
172,元大,ORG
172,當日,DATE
172,元大證券,ORG
172,週六週日,DATE
172,元大投信,ORG
172,第五,ORDINAL
172,幾十億,CARDINAL
173,三,CARDINAL
173,三,CARDINAL
173,萬多,CARDINAL
173,發哥,PERSON
173,阿,PERSON
173,阿,PERSON
173,張無誤,PERSON
173,三,CARDINAL
173,薛丁格,PERSON
173,幾百,CARDINAL
174,元大臺灣價值高息基金,ORG
174,上週五,DATE
174,億元,MONEY
174,十,CARDINAL
174,幾個交易日,CARDINAL
174,十,CARDINAL
174,中美晶,ORG
174,兩,CARDINAL
174,中美晶,ORG
174,兩,CARDINAL
174,中美晶,ORG
174,漢唐,ORG
174,神基,ORG
174,群光,ORG
174,鈊象,ORG
176,下禮拜,DATE
176,這禮拜,DATE
176,哲哲,PERSON
176,林鈺凱,PERSON
176,今天,DATE
176,這禮拜,DATE
177,前天,DATE
177,台灣,GPE
177,台灣,GPE
177,港股,GPE
178,阿肥,PERSON
178,那天,DATE
178,那天,DATE
178,阿肥,PERSON
179,昨天,DATE
179,四,CARDINAL
180,第次,ORDINAL
180,國泰客服,ORG
180,兩,CARDINAL
180,三,CARDINAL
180,三,CARDINAL
180,五,CARDINAL
180,三,CARDINAL
180,十,CARDINAL
180,五碼,QUANTITY
180,五碼,QUANTITY
181,奈米戶,PERSON
181,上午,TIME
181,三,CARDINAL
181,元大,ORG
181,下午,TIME
181,十,CARDINAL
181,兩,CARDINAL
181,元大,ORG
181,三,CARDINAL
181,七,CARDINAL
181,/星期,DATE
181,國泰阿,ORG
181,七萬,CARDINAL
181,今天,DATE
181,九點,TIME
181,元大投信,ORG
181,十五分鐘,TIME
181,國泰,ORG
181,國泰,ORG
181,國泰阿,ORG
181,元大,ORG
181,國泰,ORG
181,國泰,ORG
181,元大,ORG
181,三,CARDINAL
181,元大證券,ORG
181,元大投信,ORG
181,元大,ORG
181,元大投信,ORG
181,兩,CARDINAL
181,兩個小時,TIME
181,國泰,ORG
181,元大,ORG
182,富邦證券,ORG
182,黃標,PERSON
182,中信金,ORG
182,聯電,ORG
182,英業達,ORG
182,佳世達,ORG
182,鴻海,PERSON
182,長榮,PERSON
182,緯創,ORG
182,神達,ORG
182,大聯大,ORG
182,光寶科,ORG
182,日月光投控,ORG
182,東陽,PERSON
182,晶技,ORG
182,文曄,PERSON
182,欣興,ORG
182,群光,ORG
182,東元,ORG
182,聯強,ORG
182,京元電子,ORG
182,神基,ORG
182,啟碁,ORG
182,上海商銀,ORG
182,聯發科,ORG
182,中磊,ORG
182,矽格,ORG
182,大成鋼,ORG
182,健鼎,ORG
182,南茂,ORG
182,台光電,ORG
182,瑞儀,ORG
182,裕民,ORG
182,瑞昱,ORG
182,聯詠,ORG
182,宏碁,ORG
182,聯陽,ORG
182,京城銀,PERSON
182,天鈺,ORG
182,智易,ORG
182,景碩,ORG
182,志聖,ORG
182,瑞鼎,ORG
182,旺宏,ORG
182,群創,ORG
182,華通,ORG
182,華航,ORG
182,遠東銀,ORG
182,仁寶,ORG
182,遠百,ORG
182,台積電,ORG
182,元大,ORG
182,台灣,GPE
182,新唐,PERSON
182,元大金,ORG
182,遠傳,LAW
182,南亞科,ORG
182,台灣,GPE
182,瀚宇,ORG
182,永豐金,PERSON
182,技嘉,ORG
182,精成科,ORG
182,榮運,ORG
182,世芯,PERSON
182,國泰金,ORG
182,南亞,LOC
182,台新金,ORG
182,第金,GPE
182,華南,LOC
182,富邦金,ORG
182,開發金,ORG
182,中鋼,ORG
182,彰銀,ORG
182,奇鋐,ORG
182,中華,GPE
182,廣達,ORG
182,萬海,ORG
182,台塑,ORG
182,裕隆,ORG
183,基金公司,ORG
185,億,CARDINAL
185,經濟日報,WORK_OF_ART
185,馬琬淳,PERSON
185,台北,GPE
185,",億元",MONEY
185,中,GPE
185,美,GPE
185,瑞儀,ORG
185,聯電,ORG
185,，億元,MONEY
185,第三,ORDINAL
185,中美晶,ORG
185,億元,MONEY
185,十,CARDINAL
185,聯發科,ORG
185,五,CARDINAL
185,億,CARDINAL
185,億元逾,MONEY
185,兩倍,CARDINAL
185,元大,ORG
185,億元,MONEY
185,",億元",MONEY
185,",億元",MONEY
185,億元,MONEY
185,聯電,ORG
185,神基漢唐,PRODUCT
185,億元,MONEY
185,群光瑞儀聯,ORG
185,億元,MONEY
185,漢唐,DATE
185,三,CARDINAL
185,兩,CARDINAL
185,兩,CARDINAL
185,十,CARDINAL
185,長榮聯電,ORG
185,神基,ORG
185,漢唐群光瑞儀,ORG
185,聯發科鈊象,ORG
185,三,CARDINAL
185,長榮億,PERSON
185,聯電,ORG
185,中,GPE
185,美,GPE
186,今天,DATE
186,兩天,DATE
186,台灣,GPE
186,第天,DATE
186,幾十億,CARDINAL
186,幾天,DATE
186,半年,DATE
186,台灣,GPE
186,三百萬,CARDINAL
186,金管會,ORG
186,央行,ORG
186,今年,DATE
186,整天,DATE
187,十,CARDINAL
187,今天,DATE
187,下個月,DATE
187,五月初,DATE
189,長榮鋼,PERSON
189,長榮,ORG
189,長榮鋼,ORG
190,元大台灣價值高息基金,ORG
190,元大投信,ORG
190,平準金,ORG
190,平準金,ORG
190,基金,ORG
190,今天,DATE
190,十,CARDINAL
190,明天,DATE
190,今天,DATE
190,光寶科,ORG
190,富邦,ORG
190,兩日,DATE
190,元大,ORG
190,兩日,DATE
190,前日,DATE
191,十,CARDINAL
192,多億,MONEY
192,上禮拜月號,DATE
192,今天,DATE
192,元大,ORG
192,台灣,GPE
192,今天,DATE
192,億,CARDINAL
192,明天,DATE
193,三,CARDINAL
193,四,CARDINAL
193,五,CARDINAL
194,二天,DATE
194,二天,DATE
194,十,CARDINAL
194,元大,ORG
194,中美晶,ORG
194,聯電,ORG
194,八大,PERSON
194,今天,DATE
194,十,CARDINAL
194,七,CARDINAL
194,元大,ORG
194,元大,ORG
194,億,CARDINAL
194,這幾天,DATE
194,下周,DATE
194,三四五選天,DATE
194,三個月,DATE
194,今天,DATE
194,聯電,ORG
194,聯發科,ORG
194,漢唐,DATE
194,新普,ORG
194,瑞儀,ORG
194,鈊象,ORG
194,群光,ORG
194,長榮,PERSON
194,神基,ORG
194,瑞儀,ORG
194,群光,ORG
194,中美晶上櫃公司,ORG
194,群光,ORG
194,神基,ORG
194,明天,DATE
194,中美晶,ORG
194,神基,ORG
194,下周三四五,DATE
194,明天,DATE
195,億,CARDINAL
195,億,CARDINAL
195,近五日,DATE
195,萬千,CARDINAL
195,五日,DATE
195,十日,DATE
195,萬兩千,CARDINAL
195,元大,ORG
196,阿榮,PERSON
196,阿榮,PERSON
196,長榮,ORG
196,晚上,TIME
196,阿呆谷,PERSON
197,空軍,ORG
197,明天,DATE
197,美國,GPE
198,第強,ORDINAL
198,年月日週三上午,TIME
198,陳依旻,PERSON
198,台灣,GPE
198,今日,DATE
198,台灣,GPE
198,今日,DATE
198,台灣,GPE
198,今日,DATE
198,萬,CARDINAL
198,億元,MONEY
198,台灣,GPE
198,今日,DATE
198,十,CARDINAL
198,百億,CARDINAL
198,億,CARDINAL
198,第六,ORDINAL
198,統投信,PERSON
198,月底,DATE
198,雙周配,ORG
198,昨日,DATE
198,億元,MONEY
198,四,CARDINAL
198,十,CARDINAL
198,群光,ORG
198,聯發科大聯,ORG
198,東陽瑞,PERSON
198,昱聯詠,PERSON
198,文曄健,PERSON
198,鼎台光,PERSON
198,電緯穎,PERSON
198,碩英業,ORG
198,台灣,GPE
198,三,CARDINAL
198,月以及月,DATE
198,今天,DATE
198,今天,DATE
199,郭哲榮,PERSON
199,年月日下午,TIME
199,陳依旻,PERSON
199,元大,ORG
199,台灣,NORP
199,萬元,MONEY
199,千億,CARDINAL
199,哲哲,PERSON
199,摩爾,ORG
199,哲榮,PERSON
199,今日,DATE
199,郭哲榮,PERSON
199,今日,DATE
199,億元,MONEY
199,月日,DATE
199,元大投信,ORG
199,從月日到月日,DATE
199,億,CARDINAL
199,郭哲榮,PERSON
199,今天,DATE
199,今天,DATE
199,兩,CARDINAL
199,近四季,DATE
199,郭哲榮,PERSON
199,兩,CARDINAL
199,郭哲榮,PERSON
199,個月內,DATE
199,哲哲,PERSON
199,今天,DATE
199,那天,DATE
199,阿,GPE
199,兩天,DATE
199,今天,DATE
199,明天,DATE
200,明坑錢,MONEY
200,元大,ORG
200,元大,ORG
201,第槍,ORDINAL
201,聯發科,ORG
201,工商時報,WORK_OF_ART
201,簡威瑟,PERSON
201,陳昱光,PERSON
201,瑞銀證券,ORG
201,聯發科,ORG
201,三,CARDINAL
201,聯發科,ORG
201,未來幾季,DATE
201,聯發科,ORG
201,聯發科,ORG
201,里昂證券,ORG
201,金控,ORG
201,中信投顧,ORG
201,元摩根士丹利證券,ORG
201,花旗環球證券,ORG
201,瑞銀證券台灣區研究部,ORG
201,艾藍迪,PERSON
201,聯發科,ORG
201,瑞銀,ORG
201,三,CARDINAL
201,瑞銀證券,ORG
201,聯發科,ORG
201,第二,ORDINAL
201,瑞銀,ORG
201,全年,DATE
201,聯發科,ORG
201,年下半年,DATE
201,聯發科,ORG
201,聯發科,ORG
201,瑞銀證券,ORG
201,聯發科,ORG
201,近兩年,DATE
201,聯發科,ORG
201,聯發科,ORG
201,長榮,ORG
202,國泰金,ORG
202,年月日週三上午,TIME
202,葉憶,PERSON
202,幾天,DATE
202,募破億元,MONEY
202,國泰金,ORG
202,今日,DATE
202,台股,NORP
202,國泰金,ORG
202,今日,DATE
202,上午,TIME
202,到年元月,DATE
202,國泰金,ORG
202,美國,GPE
202,國泰金,ORG
202,台灣人,NORP
202,未來半年,DATE
202,國泰金,ORG
202,未來半年,DATE
202,上月,DATE
202,二成多,PERCENT
202,上月,DATE
202,五成,CARDINAL
202,較月,DATE
202,四成,CARDINAL
202,上月,DATE
202,國泰金,ORG
202,年月~日,DATE
202,國泰人壽,ORG
202,國泰世華銀行,ORG
202,今天,DATE
202,明天,DATE
203,富邦證券,ORG
203,昨天,DATE
203,今天,DATE
203,十,CARDINAL
203,紫標,PERSON
203,中信金,ORG
203,光寶科,ORG
203,聯電,ORG
203,神基,ORG
203,東元,ORG
203,佳世達,ORG
203,神達,ORG
203,長榮,PERSON
203,晶技,ORG
203,鴻海,PERSON
203,東陽,PERSON
203,上海商銀,ORG
203,欣興,ORG
203,宏碁,ORG
203,矽格,ORG
203,瑞儀,ORG
203,大成鋼,ORG
203,漢唐,FAC
203,南茂,ORG
203,聯詠,ORG
203,樺漢,PERSON
203,中磊,ORG
203,瑞昱,ORG
203,帝寶,PERSON
203,聯陽,ORG
203,京元電子,ORG
203,日月光投控,ORG
203,群光,ORG
203,聯強,ORG
203,精成科,ORG
203,矽創,ORG
203,緯創,ORG
203,臻鼎,PERSON
203,兆豐金,PERSON
203,富邦,ORG
203,國泰,ORG
203,台灣,GPE
203,中碳,ORG
203,亞泥,ORG
203,高力,ORG
203,聯發科,ORG
203,健鼎,ORG
203,力成,ORG
203,台表科,ORG
203,華邦,ORG
203,群創,ORG
203,技嘉,ORG
203,旺宏,ORG
203,永豐金,ORG
203,廣達,ORG
203,長榮航,PERSON
203,智邦,ORG
203,華通,ORG
203,元大,ORG
203,台灣,GPE
203,第金,ORDINAL
203,台泥,ORG
203,國泰金,ORG
203,奇鋐,ORG
203,南亞,LOC
203,景碩,ORG
203,新唐,PERSON
203,富邦金,ORG
203,遠傳,LAW
203,仁寶,ORG
203,英業,ORG
203,台灣,GPE
203,啟碁,ORG
203,台光,ORG
203,遠百,ORG
203,台積電,ORG
203,宏全,ORG
203,士電,ORG
203,裕隆,ORG
203,力智,ORG
203,華碩,ORG
203,義隆,PERSON
203,新日興,ORG
203,潤隆,PERSON
203,南亞科,ORG
203,汎銓,PERSON
203,億豐,ORG
203,達方,ORG
203,富世達,PERSON
204,早上,TIME
206,今天,DATE
207,元大臺灣價值高息基金,ORG
207,元大投信,ORG
207,平準金,ORG
207,平準金,ORG
207,基金,ORG
207,元大總公司,ORG
207,光寶科,ORG
207,光寶科,ORG
208,今天,DATE
208,今天,DATE
209,億元,MONEY
209,陳瑩欣,PERSON
209,台北,GPE
209,元大,ORG
209,今日,DATE
209,元大投信,ORG
209,月日至月日,DATE
209,億元,MONEY
209,元大投信,ORG
209,月日,DATE
209,當日,DATE
209,元大金旗下投信證券銀行,ORG
209,至億元,MONEY
209,元大集團,ORG
209,元大投信,ORG
209,台灣,GPE
209,月日,DATE
209,元大投信,ORG
209,元大投信,ORG
209,元大投信,ORG
209,台股,NORP
209,台股,NORP
209,臺灣,NORP
209,臺灣,NORP
209,台北車站,FAC
209,明天,DATE
210,今天,DATE
211,大聯大,ORG
211,三月初,DATE
211,第天,DATE
211,十,CARDINAL
211,十,CARDINAL
211,大聯大,ORG
211,群光,ORG
211,大聯大,ORG
211,就月日,DATE
211,大聯大,ORG
211,群光,ORG
211,大聯大,ORG
211,群光,ORG
211,張成本元,MONEY
211,前天,DATE
211,當天,DATE
211,群光,ORG
211,大聯大,ORG
211,上週,DATE
211,大聯大,ORG
211,多萬元,MONEY
211,這週,DATE
211,二,CARDINAL
211,萬多,CARDINAL
211,大聯大,ORG
211,禮拜二,DATE
211,大聯大,ORG
211,幾十,CARDINAL
211,幾秒鐘,TIME
211,大聯大,ORG
211,大聯大,ORG
211,投信,ORG
211,大聯大,ORG
211,大聯大,ORG
211,群光,ORG
212,三,CARDINAL
212,逾萬,CARDINAL
212,日週三下午,TIME
212,蕭宥彤,PERSON
212,今日,DATE
212,布資,ORG
212,今天,DATE
212,億元,MONEY
212,英業達,ORG
212,萬,CARDINAL
212,今天,DATE
212,元大,ORG
212,臺灣,NORP
212,今天,DATE
212,三,CARDINAL
212,萬,CARDINAL
212,廣達技嘉英業達,ORG
212,三,CARDINAL
212,今日,DATE
212,十,CARDINAL
212,第名,ORDINAL
212,英業達,ORG
212,萬,CARDINAL
212,第二,ORDINAL
212,長榮航,ORG
212,萬,CARDINAL
212,第三,ORDINAL
212,新光金,ORG
212,萬,CARDINAL
212,第四,ORDINAL
212,華邦電,ORG
212,萬,CARDINAL
212,第五,ORDINAL
212,廣達,ORG
212,萬,CARDINAL
212,第六,ORDINAL
212,十,CARDINAL
212,華通,ORG
212,萬張,CARDINAL
212,臺企銀,ORG
212,萬,CARDINAL
212,中鋼,ORG
212,萬張,CARDINAL
212,長榮,ORG
212,萬張,CARDINAL
212,佳世達,ORG
212,長榮,ORG
212,隔天,DATE
212,今日,DATE
212,萬多,CARDINAL
212,明後天,DATE
212,周五,DATE
213,今天,DATE
213,昨天,DATE
213,中美晶,ORG
213,神基,ORG
213,二,CARDINAL
213,聯電,ORG
213,聯發科,ORG
213,下今天,DATE
213,這幾天,DATE
213,長榮,ORG
213,萬,CARDINAL
213,中美晶,ORG
213,萬多,CARDINAL
213,神基,ORG
213,萬多,CARDINAL
213,群光,ORG
213,萬,CARDINAL
213,瑞儀,ORG
213,萬多,CARDINAL
213,鈊象,ORG
213,新普,ORG
213,近萬,CARDINAL
213,神基,ORG
213,漢唐群光瑞儀鈊象,ORG
213,新普,ORG
213,聯電聯發科,ORG
213,中美晶,ORG
213,神基,ORG
213,十,CARDINAL
213,明天,DATE
213,中美晶,ORG
213,神基,ORG
213,中,GPE
213,美,GPE
213,神基,ORG
213,七天,DATE
213,漢唐,ORG
213,瑞儀,ORG
213,明後天,DATE
213,明天,DATE
214,長榮,ORG
214,長榮年,PERSON
214,長榮,ORG
214,今年,DATE
214,長榮,ORG
214,億,CARDINAL
214,萬,CARDINAL
214,長榮,ORG
214,萬,CARDINAL
214,元大,ORG
214,個禮拜,DATE
214,個禮拜,DATE
214,九萬,CARDINAL
214,長榮,PERSON
215,三商壽,CARDINAL
215,十塊錢,MONEY
215,兩,CARDINAL
216,昨天,DATE
216,元大,ORG
216,美國,GPE
216,昨天,DATE
216,四月初,DATE
216,今天,DATE
216,昨天,DATE
216,四月初,DATE
216,四月中,DATE
216,七月,DATE
216,元年,DATE
216,長榮,PERSON
216,七月,DATE
217,昨天,DATE
217,第天,DATE
218,今年,DATE
218,台積電,ORG
218,日週四下午,TIME
218,陳依旻,PERSON
218,美國,GPE
218,今日,DATE
218,今年,DATE
218,今年,DATE
218,台積電,ORG
218,台灣萬國人,NORP
218,今年,DATE
218,富約,ORG
218,萬元,MONEY
218,數萬,CARDINAL
218,今年,DATE
218,約萬元,MONEY
218,去年,DATE
218,萬元,MONEY
218,今年,DATE
218,不到四個月,DATE
218,去年,DATE
218,去年,DATE
218,去年,DATE
218,今年,DATE
218,台股,NORP
218,台積電,ORG
218,台積電,ORG
218,今日,DATE
218,去年,DATE
218,兆衝,PERSON
218,今年,DATE
218,台積電,ORG
218,今年,DATE
218,不到三個月,DATE
218,台積電,ORG
218,錢錢龍,PERSON
219,陳瑩欣,PERSON
219,台北,GPE
219,陳瑩欣,PERSON
219,台北,GPE
219,基金,ORG
219,億元,MONEY
219,台灣,GPE
219,今日,DATE
219,第天,DATE
219,元大台灣價值高息自救會,ORG
219,首日,DATE
219,逾萬,CARDINAL
219,今日,DATE
219,萬,CARDINAL
219,兩天,DATE
219,前分鐘,TIME
219,今日,DATE
219,聯發科,ORG
219,大聯大,ORG
219,今天,DATE
219,幾天,DATE
220,第二天,DATE
220,年月日週四下午,TIME
220,陳依旻,PERSON
220,二天,DATE
220,台灣,GPE
220,兩天,DATE
220,今日,DATE
220,今日,DATE
220,月日,DATE
220,億,CARDINAL
220,台灣,GPE
220,昨月日,DATE
220,萬,CARDINAL
220,台股,GPE
220,第天,DATE
220,當天,DATE
220,兩萬,CARDINAL
221,兩天,DATE
221,好幾萬,CARDINAL
222,前幾天,DATE
222,今天,DATE
222,昨天,DATE
222,~萬,CARDINAL
223,元大投信,ORG
224,元大,ORG
224,台積電,ORG
224,今天,DATE
224,神達,ORG
224,亞翔,ORG
224,合勤,ORG
224,東元,ORG
224,瀚宇,ORG
224,中磊,ORG
224,上海商銀,ORG
224,中信金,ORG
224,日月光投控,ORG
224,廣達,ORG
224,大成鋼,ORG
224,聯陽,ORG
224,佳世達,ORG
224,南茂,ORG
224,力成,ORG
224,大聯大,ORG
224,群光,ORG
224,神基,ORG
224,精成科,ORG
224,中美晶,ORG
224,啟碁,ORG
224,中碳,ORG
224,東陽,PERSON
224,瑞儀,ORG
224,聯發科,ORG
224,聯電,ORG
224,新聞台,ORG
225,中磊啟碁智易,ORG
225,漢唐神基瑞儀,ORG
225,四十,CARDINAL
226,美股,NORP
226,台灣,GPE
226,美股,NORP
226,智易,ORG
226,前天,DATE
226,昨天,DATE
226,未來個禮拜,DATE
226,中磊,ORG
227,前幾天,DATE
227,長榮,ORG
227,長榮,ORG
228,台灣,GPE
228,千七百億,CARDINAL
228,太雷,ORG
228,今天,DATE
228,千七百億,CARDINAL
228,這幾天,DATE
228,美國,GPE
228,台灣,GPE
228,那天,DATE
229,半天,DATE
229,半天天,DATE
229,上禮拜五,DATE
229,長榮,ORG
229,下禮拜五之前,DATE
229,下禮拜五,DATE
229,上禮拜,DATE
229,下周五,DATE
229,第二週,DATE
229,中,GPE
229,美,GPE
229,晶元,ORG
229,漢唐元,MONEY
229,群光元,ORG
229,瑞儀元,MONEY
229,阿,PERSON
230,這兩天,DATE
230,元大,ORG
230,星期三,DATE
230,昨天,DATE
230,今天,DATE
230,下週,DATE
230,元大,ORG
231,哲哲,PERSON
231,今天,DATE
231,今天,DATE
231,禮拜,DATE
231,元大,ORG
231,今天,DATE
231,哲哲,PERSON
232,金管會,ORG
232,多億,CARDINAL
232,多億,CARDINAL
232,億耶,CARDINAL
233,台積電,ORG
233,數年,DATE
233,數十年前,DATE
233,台積電,ORG
233,台灣,GPE
233,台灣,GPE
233,長榮航海王事件,EVENT
233,長榮,ORG
233,中後期,DATE
233,上星期,DATE
233,今天,DATE
233,金管會,ORG
233,歐,LOC
233,數百年,DATE
233,台灣,GPE
233,歐,LOC
233,平準金,ORG
233,高雄,GPE
233,金城武,PERSON
233,矽谷,ORG
233,金城武,PERSON
233,高平準金,WORK_OF_ART
233,五成,CARDINAL
233,五成,PERCENT
233,八成,PERCENT
233,年月,DATE
233,復華,ORG
233,台灣,GPE
233,自年月,DATE
233,台灣,GPE
233,高平準金,WORK_OF_ART
233,金管會,ORG
234,元大投信,ORG
234,今天,DATE
234,第週,DATE
234,第二週,DATE
234,第天,DATE
234,第天,DATE
235,金管會,ORG
235,元大投信,ORG
236,下禮拜,DATE
236,禮拜三,DATE
236,光長榮,PERSON
236,萬千,CARDINAL
236,元大,ORG
236,十,CARDINAL
236,下禮拜,DATE
236,下禮拜,DATE
236,元大,ORG
236,下禮拜,DATE
236,三,CARDINAL
236,十,CARDINAL
236,四月份,DATE
236,台灣,GPE
236,金管會,ORG
236,下禮拜,DATE
236,十,CARDINAL
236,下禮拜三,DATE
237,台央,PERSON
237,台電,ORG
237,兩,CARDINAL
237,兩千億,CARDINAL
237,兩,CARDINAL
237,金管會,ORG
237,台央,PERSON
238,央行,ORG
238,千絲萬縷,CARDINAL
238,台灣央行,ORG
238,台灣刁民多,ORG
238,萬年,DATE
238,台灣,GPE
238,台灣,GPE
239,廖婕妤,PERSON
239,元大,ORG
239,億元,MONEY
239,元大投信,ORG
239,今日,DATE
239,至少億到億,CARDINAL
239,月日,DATE
240,樹珊,PERSON
240,第天,DATE
240,神基,ORG
240,三天,DATE
240,元大,ORG
240,今天,DATE
240,昨天,DATE
240,千分之五,PERCENT
240,十,CARDINAL
240,十,CARDINAL
240,十,CARDINAL
240,亞翔,ORG
240,千分之五,PERCENT
240,十,CARDINAL
240,神基,ORG
240,漢唐,ORG
240,群光,ORG
240,瑞儀,ORG
240,中美晶,ORG
240,三四成,MONEY
240,神基,ORG
240,三成,PERCENT
240,漢唐,DATE
240,二成五,PERCENT
240,群光,ORG
240,瑞儀,ORG
240,二成五,PERCENT
240,三成,PERCENT
240,新普,ORG
240,二成多,PERCENT
240,漢唐瑞儀,PERSON
240,布林,PERSON
240,中美晶,ORG
240,神基,ORG
240,前天,DATE
240,群光,ORG
240,星期二三四,DATE
240,中美晶神基群光,ORG
240,二天,DATE
240,下周,DATE
241,第個,ORDINAL
241,今天,DATE
